<annotation>
<folder>images</folder>
<filename>0ef630d6-key_247.jpg</filename>
<source>
<database>MyDatabase</database>
<annotation>COCO2017</annotation>
<image>flickr</image>
<flickrid>NULL</flickrid>
<annotator>1</annotator>
</source>
<owner>
<flickrid>NULL</flickrid>
<name>Label Studio</name>
</owner>
<size>
<width>800</width>
<height>600</height>
<depth>3</depth>
</size>
<segmented>0</segmented>
<object>
<name>carkey</name>
<pose>Unspecified</pose>
<truncated>0</truncated>
<difficult>0</difficult>
<bndbox>
<xmin>357</xmin>
<ymin>5</ymin>
<xmax>738</xmax>
<ymax>288</ymax>
</bndbox>
</object>
<object>
<name>key</name>
<pose>Unspecified</pose>
<truncated>0</truncated>
<difficult>0</difficult>
<bndbox>
<xmin>75</xmin>
<ymin>187</ymin>
<xmax>351</xmax>
<ymax>579</ymax>
</bndbox>
</object>
</annotation>
