<annotation>
<folder>images</folder>
<filename>5060ee7b-key_52.jpg</filename>
<source>
<database>MyDatabase</database>
<annotation>COCO2017</annotation>
<image>flickr</image>
<flickrid>NULL</flickrid>
<annotator>1</annotator>
</source>
<owner>
<flickrid>NULL</flickrid>
<name>Label Studio</name>
</owner>
<size>
<width>800</width>
<height>600</height>
<depth>3</depth>
</size>
<segmented>0</segmented>
<object>
<name>key</name>
<pose>Unspecified</pose>
<truncated>0</truncated>
<difficult>0</difficult>
<bndbox>
<xmin>33</xmin>
<ymin>175</ymin>
<xmax>195</xmax>
<ymax>434</ymax>
</bndbox>
</object>
<object>
<name>key</name>
<pose>Unspecified</pose>
<truncated>0</truncated>
<difficult>0</difficult>
<bndbox>
<xmin>250</xmin>
<ymin>165</ymin>
<xmax>590</xmax>
<ymax>597</ymax>
</bndbox>
</object>
</annotation>
