<annotation>
<folder>images</folder>
<filename>58fff4b4-key_23.jpg</filename>
<source>
<database>MyDatabase</database>
<annotation>COCO2017</annotation>
<image>flickr</image>
<flickrid>NULL</flickrid>
<annotator>1</annotator>
</source>
<owner>
<flickrid>NULL</flickrid>
<name>Label Studio</name>
</owner>
<size>
<width>800</width>
<height>600</height>
<depth>3</depth>
</size>
<segmented>0</segmented>
<object>
<name>key</name>
<pose>Unspecified</pose>
<truncated>0</truncated>
<difficult>0</difficult>
<bndbox>
<xmin>501</xmin>
<ymin>214</ymin>
<xmax>581</xmax>
<ymax>244</ymax>
</bndbox>
</object>
<object>
<name>key</name>
<pose>Unspecified</pose>
<truncated>0</truncated>
<difficult>0</difficult>
<bndbox>
<xmin>312</xmin>
<ymin>208</ymin>
<xmax>366</xmax>
<ymax>234</ymax>
</bndbox>
</object>
</annotation>
