<annotation>
<folder>images</folder>
<filename>995e425b-key_203.jpg</filename>
<source>
<database>MyDatabase</database>
<annotation>COCO2017</annotation>
<image>flickr</image>
<flickrid>NULL</flickrid>
<annotator>1</annotator>
</source>
<owner>
<flickrid>NULL</flickrid>
<name>Label Studio</name>
</owner>
<size>
<width>800</width>
<height>600</height>
<depth>3</depth>
</size>
<segmented>0</segmented>
<object>
<name>carkey</name>
<pose>Unspecified</pose>
<truncated>0</truncated>
<difficult>0</difficult>
<bndbox>
<xmin>2</xmin>
<ymin>120</ymin>
<xmax>355</xmax>
<ymax>442</ymax>
</bndbox>
</object>
<object>
<name>key</name>
<pose>Unspecified</pose>
<truncated>0</truncated>
<difficult>0</difficult>
<bndbox>
<xmin>453</xmin>
<ymin>99</ymin>
<xmax>726</xmax>
<ymax>467</ymax>
</bndbox>
</object>
<object>
<name>key</name>
<pose>Unspecified</pose>
<truncated>0</truncated>
<difficult>0</difficult>
<bndbox>
<xmin>258</xmin>
<ymin>172</ymin>
<xmax>448</xmax>
<ymax>495</ymax>
</bndbox>
</object>
</annotation>
