<annotation>
<folder>images</folder>
<filename>dc1c3cc8-key_233.jpg</filename>
<source>
<database>MyDatabase</database>
<annotation>COCO2017</annotation>
<image>flickr</image>
<flickrid>NULL</flickrid>
<annotator>1</annotator>
</source>
<owner>
<flickrid>NULL</flickrid>
<name>Label Studio</name>
</owner>
<size>
<width>800</width>
<height>600</height>
<depth>3</depth>
</size>
<segmented>0</segmented>
<object>
<name>carkey</name>
<pose>Unspecified</pose>
<truncated>0</truncated>
<difficult>0</difficult>
<bndbox>
<xmin>417</xmin>
<ymin>254</ymin>
<xmax>682</xmax>
<ymax>465</ymax>
</bndbox>
</object>
<object>
<name>key</name>
<pose>Unspecified</pose>
<truncated>0</truncated>
<difficult>0</difficult>
<bndbox>
<xmin>117</xmin>
<ymin>251</ymin>
<xmax>449</xmax>
<ymax>405</ymax>
</bndbox>
</object>
</annotation>
